Sort day,Sample name,# total cells sorted,Hashtags,Mouse ID,Age (wk),Diabetic status,Hashtag,Hashtag Barcode
9/30/20,pLN_1,8955,1,2022,19,N,TotalSeq-C0301 anti-mouse Hashtag 1 ,ACCCACCAGTAAGAC
9/30/20,pLN_1,8955,2,2024,19,N,TotalSeq-C0302 anti-mouse Hashtag 2 ,GGTCGAGAGCATTCA
9/30/20,pLN_1,8955,3,2026,19,N,TotalSeq-C0303 anti-mouse Hashtag 3 ,CTTGCCGCATGTCAT
9/30/20,pLN_1,8955,4,2412,17,N,TotalSeq-C0304 anti-mouse Hashtag 4 ,AAAGCATTCTTCACG
9/30/20,pLN_1,8955,5,2413,17,N,TotalSeq-C0305 anti-mouse Hashtag 5 ,CTTTGTCTTTGTGAG
9/30/20,pLN_1,8955,6,2414,17,N,TotalSeq-C0306 anti-mouse Hashtag 6 ,TATGCTGCCACGGTA
9/30/20,pLN_1,8955,7,2019,19,Y,TotalSeq-C0307 anti-mouse Hashtag 7 ,GAGTCTGCCAGTATC
9/30/20,pLN_1,8955,8,2810,13,N,TotalSeq-C0308 anti-mouse Hashtag 8 ,TATAGAACGCCAGGC
9/30/20,pLN_1,8955,9,2811,13,N,TotalSeq-C0309 anti-mouse Hashtag 9 ,TGCCTATGAAACAAG
9/30/20,pLN_1,8955,10,2987,14,Y,TotalSeq-C0310 anti-mouse Hashtag 10 ,CCGATTGTAACAGAC
9/30/20,panc_1,15891,2,2024,19,N,TotalSeq-C0302 anti-mouse Hashtag 2 ,GGTCGAGAGCATTCA
9/30/20,panc_1,15891,4,2412,17,N,TotalSeq-C0304 anti-mouse Hashtag 4 ,AAAGCATTCTTCACG
9/30/20,panc_1,15891,5,2413,17,N,TotalSeq-C0305 anti-mouse Hashtag 5 ,CTTTGTCTTTGTGAG
9/30/20,panc_1,15891,6,2414,17,N,TotalSeq-C0306 anti-mouse Hashtag 6 ,TATGCTGCCACGGTA
9/30/20,panc_1,15891,8,2810,13,N,TotalSeq-C0308 anti-mouse Hashtag 8 ,TATAGAACGCCAGGC
9/30/20,panc_1,15891,9,2811,13,N,TotalSeq-C0309 anti-mouse Hashtag 9 ,TGCCTATGAAACAAG
11/10/20,pLN_3,9049,1,3759,16,N,TotalSeq-C0301 anti-mouse Hashtag 1 ,ACCCACCAGTAAGAC
11/10/20,pLN_3,9049,2,3761,16,N,TotalSeq-C0302 anti-mouse Hashtag 2 ,GGTCGAGAGCATTCA
11/10/20,pLN_3,9049,3,3762,16,N,TotalSeq-C0303 anti-mouse Hashtag 3 ,CTTGCCGCATGTCAT
11/10/20,pLN_3,9049,4,3766,16,N,TotalSeq-C0304 anti-mouse Hashtag 4 ,AAAGCATTCTTCACG
11/10/20,pLN_3,9049,5,3771,16,N,TotalSeq-C0305 anti-mouse Hashtag 5 ,CTTTGTCTTTGTGAG
11/10/20,pLN_3,9049,6,3772,16,N,TotalSeq-C0306 anti-mouse Hashtag 6 ,TATGCTGCCACGGTA
11/10/20,pLN_3,9049,7,3773,16,N,TotalSeq-C0307 anti-mouse Hashtag 7 ,GAGTCTGCCAGTATC
11/10/20,pLN_3,9049,8,3774,16,N,TotalSeq-C0308 anti-mouse Hashtag 8 ,TATAGAACGCCAGGC
11/10/20,pLN_3,9049,9,3778,16,N,TotalSeq-C0309 anti-mouse Hashtag 9 ,TGCCTATGAAACAAG
11/10/20,pLN_3,9049,10,3780,16,N,TotalSeq-C0310 anti-mouse Hashtag 10 ,CCGATTGTAACAGAC
11/10/20,panc_3,6840,1,3759,16,N,TotalSeq-C0301 anti-mouse Hashtag 1 ,ACCCACCAGTAAGAC
11/10/20,panc_3,6840,2,3761,16,N,TotalSeq-C0302 anti-mouse Hashtag 2 ,GGTCGAGAGCATTCA
11/10/20,panc_3,6840,3,3762,16,N,TotalSeq-C0303 anti-mouse Hashtag 3 ,CTTGCCGCATGTCAT
11/10/20,panc_3,6840,4,3766,16,N,TotalSeq-C0304 anti-mouse Hashtag 4 ,AAAGCATTCTTCACG
11/10/20,panc_3,6840,5,3771,16,N,TotalSeq-C0305 anti-mouse Hashtag 5 ,CTTTGTCTTTGTGAG
11/10/20,panc_3,6840,6,3772,16,N,TotalSeq-C0306 anti-mouse Hashtag 6 ,TATGCTGCCACGGTA
11/10/20,panc_3,6840,7,3773,16,N,TotalSeq-C0307 anti-mouse Hashtag 7 ,GAGTCTGCCAGTATC
11/10/20,panc_3,6840,8,3774,16,N,TotalSeq-C0308 anti-mouse Hashtag 8 ,TATAGAACGCCAGGC
11/10/20,panc_3,6840,9,3778,16,N,TotalSeq-C0309 anti-mouse Hashtag 9 ,TGCCTATGAAACAAG
11/10/20,panc_3,6840,10,3780,16,N,TotalSeq-C0310 anti-mouse Hashtag 10 ,CCGATTGTAACAGAC
11/12/20,pLN_4,4044,1,2808,19,N,TotalSeq-C0301 anti-mouse Hashtag 1 ,ACCCACCAGTAAGAC
11/12/20,pLN_4,4044,2,2809,19,N,TotalSeq-C0302 anti-mouse Hashtag 2 ,GGTCGAGAGCATTCA
11/12/20,pLN_4,4044,3,2812,19,N,TotalSeq-C0303 anti-mouse Hashtag 3 ,CTTGCCGCATGTCAT
11/12/20,pLN_4,4044,4,3760,16,N,TotalSeq-C0304 anti-mouse Hashtag 4 ,AAAGCATTCTTCACG
11/12/20,pLN_4,4044,5,3758,16,N,TotalSeq-C0305 anti-mouse Hashtag 5 ,CTTTGTCTTTGTGAG
11/12/20,pLN_4,4044,6,3770,16,Y,TotalSeq-C0306 anti-mouse Hashtag 6 ,TATGCTGCCACGGTA
11/12/20,pLN_4,4044,7,2989,20,N,TotalSeq-C0307 anti-mouse Hashtag 7 ,GAGTCTGCCAGTATC
11/12/20,pLN_4,4044,8,2984,20,Y,TotalSeq-C0308 anti-mouse Hashtag 8 ,TATAGAACGCCAGGC
11/12/20,pLN_4,4044,9,2985,20,Y,TotalSeq-C0309 anti-mouse Hashtag 9 ,TGCCTATGAAACAAG
11/12/20,panc_4,6666,1,2808,19,N,TotalSeq-C0301 anti-mouse Hashtag 1 ,ACCCACCAGTAAGAC
11/12/20,panc_4,6666,2,2809,19,N,TotalSeq-C0302 anti-mouse Hashtag 2 ,GGTCGAGAGCATTCA
11/12/20,panc_4,6666,3,2812,19,N,TotalSeq-C0303 anti-mouse Hashtag 3 ,CTTGCCGCATGTCAT
11/12/20,panc_4,6666,4,3760,16,N,TotalSeq-C0304 anti-mouse Hashtag 4 ,AAAGCATTCTTCACG
11/12/20,panc_4,6666,5,3758,16,N,TotalSeq-C0305 anti-mouse Hashtag 5 ,CTTTGTCTTTGTGAG
11/12/20,panc_4,6666,6,3770,16,Y,TotalSeq-C0306 anti-mouse Hashtag 6 ,TATGCTGCCACGGTA
11/12/20,panc_4,6666,7,2989,20,N,TotalSeq-C0307 anti-mouse Hashtag 7 ,GAGTCTGCCAGTATC
11/12/20,panc_4,6666,8,2984,20,Y,TotalSeq-C0308 anti-mouse Hashtag 8 ,TATAGAACGCCAGGC
11/12/20,panc_4,6666,9,2985,20,Y,TotalSeq-C0309 anti-mouse Hashtag 9 ,TGCCTATGAAACAAG